"id","name"
"50a2d1c4",Stephanie Love
"50a2d1c4",Stephanie Love
"438005c2",Kristi Keller
"5261268c",Allison Oliver
f8486fce,Nancy Austin
"341ed9b2",Christy Rios
"2660b7ac",Michael Mendoza
"7e52ce3f",Beverly Peters
"0000bd8e",Connie Harrison
"3b47f466",Carly Harris
"2480125c",Russell Mitchell
"69731d27",Jacqueline Pineda
"7d0a9ece",Anthony Murillo
"861181e6",Aaron Williams
cc1816db,Brittany Johnson
"1bf35f99",Ashley Santiago
"96f4e93c",Lori Butler
"6faa20a4",Tyrone Ryan
"5bbca380",Joseph Mcintyre
"84ee8f13",Dylan Lopez
e4bced79,Michael Carter
"3f1fc492",Yvonne Watson
"3483e39a",Melissa Lopez
"0b4a904c",Nancy Hernandez MD
"3c7a4cde",Nicole Jackson
"9ff834d1",Michael Williams
bbe9e834,Michael Cobb
a311b0c8,Ray Mitchell
"24ea0325",Timothy Waller
d6de888a,Christopher Kim
"3f3af4f6",Carlos Leon
"5ed25035",Jacob Reeves
"531465bc",Daniel Small
d47a83f3,Jasmine Murray
"4b8b181e",Martin Barnes
"6d91807a",Mark Barnett
"848485f0",Kristin Mcintyre
"90b6264d",Nichole Brown
"18b69140",Pamela Lane
"4dc2aa9c",Susan Castillo
"1076f00e",Shelly Benitez
"9bac4be0",Scott Thompson
"0872893c",Stephanie Quinn
f5e8b3ff,Amanda Johnson
"1435b563",Melissa Davis
fdd86eaf,Dana Smith
b4413ac0,Amy Wolf
"2dbed2c3",Rachel Watson
b0da7a9b,Sean Koch
c5dde410,Jessica Valdez
"5d59a09d",Tracy Gibbs
ddd9ed38,Misty Lee
"9368e74c",Martha Pineda DDS
"2609004e",Joy Lam
"3870073a",Elizabeth Shea
"710200a9",Janet Robles
"43217606",Douglas Hill
a7cebb21,Emma Mitchell
"05fae288",Rodney Berry
d9464bcd,Brittany Brown
"847d46dd",Kelly Singh
"1c4a9464",Benjamin Bell
"5a589b0f",Johnny Ryan
"47e4f30d",Christian Fernandez
"0688ed48",Todd Burton
"28447ab4",Andrew Perez
d82c6a2f,Jerry Thompson II
"013b644d",Keith Cook
"66983396",Alexander Burke
"23c5eb35",Nicholas Benson
a57c96be,Jessica Richard
f3feb7f9,Brittany Barrera
"967d3e2d",Jeffrey Bailey
"0d2974c5",Jessica Lewis
dc634429,John Lowe
"2bdeb3b7",Brian Johnson
"84f816bd",Alicia Huerta
"0bb6fcf3",Angela Hebert
"827eed18",Larry Ward
"9db0e79f",Katherine Odom
"2a2c365a",Tyler Henderson
a970776b,Cheryl Campos
fd788ea1,Brad Williamson
"132425e2",John Marshall
cee4269a,Alicia Clark
"58491188",Brenda Miller
"5fccc95a",Karina Thompson
b27a07f1,Patrick Knight
"16e8d4f8",Stacey Miller
"2a0095cd",William James
bbfdba43,Christina Rollins
"2030e11b",Aaron Wilson
c90ea8ef,James Stuart
"9d37a85b",Jessica James
"92bac428",Rodney Gonzalez
"9aaa8391",Joshua Mann
bacd6bed,Kristin Frank
"9eac28b8",Karen Sanchez
"83967256",Jeffrey Love
"3d2423f0",Henry Zamora
ce73a9b8,Kenneth Hudson DDS
"76acc7d2",Bruce Cole
"40cff0ad",Carrie Russell MD
"4d6ee3e3",Aaron Gardner
"94e0e084",Ryan Austin
"5d5ea9b6",Tracy Garcia
c6fb82d9,Angela James
e6ef189a,Wesley Jenkins
"352810e9",Dylan Anderson
d31efffd,Derek Smith
fe2e9f59,April Curtis
c9276a13,Melody Wright
"102e02b0",William Diaz
"34a9dd73",Jonathan Anderson
cbda2de6,Wyatt Bates
"5b2179c5",Garrett Black
"0206c59d",Jose Fox
a792d50a,Debra Wolf
"117c9a65",John Anthony
"189edb91",Tina Collins
"2aee3fe5",John Drake
"3d0d96e7",Alexis Cervantes
"878f6e41",Patrick Thomas
f044be50,Keith Phillips
"961b1333",Kyle Martin
"41db9c8c",Brad Hogan
"72874237",Katie Ruiz
"612533b6",Ryan Byrd
"4b761c33",Renee Gibson
b1554012,Mr. Matthew Meyer
"9094466a",Joshua Gallagher
d1a4b7a2,Rachel Rodriguez
f84190e8,Erik Gordon
"8e104807",Michael Perez
"99b2e147",Sara Henderson
"34ec60c6",Leah Estrada
f6722fed,Cameron Martin
faae2750,Roy Young
aece6b12,Ashley Franco
"2ffdab76",Jacqueline Morris
"797a1a0b",Justin Barrera
b2263d08,Kathleen Rice
bbc4757e,Barbara Pearson
"07ef23e6",Wendy Bowman
"534f7dee",Jon Heath
"2ba287a4",Melvin Ingram
"49a962c3",Larry Gilmore
b0382b3d,Ronnie Anderson
"7745384f",Emily Barnes
"4671e25f",Matthew Chapman
"723f776c",Darryl Green
"3cc240f8",Arthur Evans
"7bfeca78",Dr. Maria Moreno MD
"7d624fe1",Mark Mitchell
"15b9a6ba",Casey Martinez
f285aab8,Andre Sanders
"176aa5a0",Charlene Robinson
b2664ec9,Dr. Shannon Carter
"74b13d9f",Melissa Miller
"71c65b56",Tanner Mullen
"148d63de",Jennifer Garcia
"5f31277a",Scott Reyes
"96f16837",Angela Moyer
"359ce707",Ronnie Knight
be6fcaa5,James Gardner
"3d097c4e",Robin Vargas
"1069ad16",Brendan Hawkins
"4acffd44",Jennifer Richardson
e77008c8,Michael Acosta
"191feb1d",Adam Rowe
cfefbf12,Julie Taylor
"1095b08b",Tamara Hinton
b0cab1cc,Alex Taylor
ff4e2ef5,Andrew Serrano
e2141773,Micheal Ross
e9647282,Anne Jackson
"6a0e8a99",Amy Andrade
ea224baf,Christopher Cooper
"1233e680",Chad Walsh
"3810f8e6",Ashley Mcdaniel
ffd40778,Shannon Alexander
"8ebb4b7d",David Mann
e0cbd2e1,Christopher Torres
d285a28f,Elizabeth Ryan DVM
"77b903b9",Christine Gonzales
"953ad96a",Lindsey Hunter
"875e080f",Dr. Matthew Hancock
"400ec64f",Sara Valentine
d23755ac,John Brewer
"47334d60",Ryan Carpenter
"2a26f327",Danny Walker
f1c35457,Sarah Harris
"3f13d579",Richard Lee
"40353a67",Robert Skinner
baa48fe5,Tracy Santiago MD
"899ea741",Mr. Jeremy Cameron
"0a42e609",Sharon Sawyer
"5f8c9b91",Richard Holloway
"46d24c86",Glen King
"143944c0",Lydia Khan
b69dd468,David Cooper DDS
a5781cf5,Madison Davis
"0db82818",Mary Pacheco
cec4dd97,Terry Rice
b418aed1,Peter Ross
b4cc95b0,Devin Clayton
"19a47a26",Suzanne Farley
"7528c8de",Andrea Moore
"1826e2e6",Misty Reed
"5daa5d95",Mr. Adam Carey
d224c314,Julie Dixon
"15aeedcc",Robert Lang
ac4632eb,Deborah Page
"890861ac",Caitlyn Hill
f7989645,Stacy Ibarra
"3bfe5d2b",Martin Cook
bbce772f,Debbie Lopez
"5da6ee93",Christina Roberts
f4c4994a,Melissa Roberts
"19fee9df",Amy Garcia
d6cf7caa,David Webb
"04edb858",Curtis Moore
"94a6d963",Ann Yoder
"627b564c",David Leonard
"72492cee",Crystal Mendez
bb0bc182,Christina Ramirez
"387603c1",James Thomas
"125d87d5",Dale Berry
bde10f4a,Vincent Clark
ead66f31,Rachael Hobbs
b91c4cbb,Michelle White
adf0d9db,Donald Thomas
"34a7e239",Jay Haley
"438d7ce2",Debra Simmons
"36df5a68",Kimberly Barnes
ed7f8737,Sarah Ross
a1be3ec3,Jeffery Harrison
"848c50eb",Cynthia Owens
"017413ff",Angela Stephens
"367f1e9a",Virginia James
fa08fd03,Cody Gonzalez
"52ecad80",Emily Anderson
ff29ece6,Melissa Sanders
"03a59f85",Samuel Washington
"53dda453",Tanya Anderson
f35eb7b6,Brittany Reed
"28a5a7b8",Mark Jenkins
"3f78077b",Brenda Kent
efc6a229,Jay Cruz
"8f40d15b",Karen Obrien
"41653b96",Heather Gomez MD
"2dc965e2",Sarah Thomas
"2ef9867e",Ashley Bradley
"6bb3949d",Nicole Martin
"04b679f3",Matthew Grant
"4b503eb1",Joshua Wells
"90249383",Christopher Villa
"058a019d",Danielle Weaver
"598904ac",Debra Hall
"2068f48f",Sharon Sims
dec2b1be,Diane Marshall
"6b9cd81e",Andrea Randall
"0e7b96a0",Tammy Watson
"33a6f9f2",George Moore
"3fa371d4",Diane Davis
"2977486c",Michael Walker
"2251b079",Jonathan Bennett
"26b9f21d",Lynn Ramirez
"1fcec697",Courtney James
d477b62b,Kelsey Miller
"55ae024c",Christopher Schmidt
"71972ade",Casey Barnes
a6e1b4c7,Michael Baker Jr.
bab8979a,Dawn Williams
b8ccafb8,Zachary Holland MD
f24f29fa,Amber Lopez
"59292cdf",Paige Lawson
"47ac22ab",Nicholas Mcdowell
af16d888,Jeffrey Gutierrez
"7bd64d99",Kaitlin Hall
"2aaf9fc4",Maria Cherry
"7e06ea60",Alyssa Riddle
"8aff4c2d",George Farrell
"13ae1187",Richard Cannon
b4eb2e6a,Erin Baker
"167ce993",Jennifer Singh
"358fc32a",Erin Lucas
"8cef9627",Matthew Stewart
"8d5d45b6",William Valenzuela
"43317971",Christopher Hall
ef7f92e8,Shelby Gonzalez
"6d24a27b",Erik Mason
e8e92a9f,Natasha Wright
"7b971d80",Arthur Mendoza
d5e5a6a6,Gregory Werner
"6058494e",Stephanie Williams
"09a354a5",Frederick Wiggins
"64fec69e",Stephen Archer
"0327ed4c",Justin Duarte
"35bb651c",Jesse Moore
e6e0c2ef,Derek Cox
"1fcfe435",Deanna Torres
bd463573,Nicole Curtis
"3f5140d0",Christian Mathis
e039c2ef,Scott Chaney
"72fd6924",John Hughes
ae6e644d,Kimberly Jackson
"341da637",Carlos Bass Jr.
"3455f0ff",Chris Graves
"40c4aa0f",Alexandria Jarvis
"257291a7",Traci Landry
"795d2b23",Matthew Dawson
"0f8ab48c",Elizabeth Montgomery
"22a4c19e",Victor Ramos
"13b24541",Bethany Baker
"5d24b6bc",Cameron Smith
b5b5a474,Dwayne Johnson
"9c98b2d4",Jacob Brown
c64e9b29,Pamela Smith
"4cd79f83",John Price
f78c30cb,Alyssa Martinez
"5bc5dd9e",Erin Flores PhD
a0f290f7,Rhonda Gomez
"9ede5407",Heidi Randall
ab833d6f,Luis Francis
"66dda3b2",Stephanie Williams
b6552330,Ann Morris
"7532eee7",George Bennett
"9455079c",Douglas Shelton
"8beae791",Michael Conner
cb969dd8,Theodore Anderson
"771f8441",Kayla Brooks
"5350fafc",Christopher Graham
d88e53e9,Nicole Hall
"8a77ab59",Amy Taylor
"117583ee",Carol Lee
"0d0eb3cb",Mikayla Rivera
bea5ef1d,Daniel Cuevas
"96e4788e",Lori Williams
"40da201b",Brandon Parker
"285bfea1",Joshua Turner
a5f46489,Brittany Turner
"4ecae9d3",Mr. Clayton Kramer
a98f640e,Carrie Abbott
e50d93de,Leslie Conner
"10d7cb3c",Stephanie Hanna
c6abaffa,Elizabeth David
fe1ef2c8,James Jordan
"71ed3bfb",Kyle Jones
"3e28e5b6",Rebecca Torres
"0a34659d",Edward Bush
b0581066,Richard Li
e0df02ff,Todd Cook
e8da2040,Natalie Hatfield
c50959f1,Megan Sharp
b01b46fd,Paul Gomez
"53ed5bac",Ryan Garcia
"89c10b53",Courtney Martinez
"8fd99d74",Manuel Mooney
fa2a460e,Douglas Coffey
"4a81b4c3",Holly Walker
"9adbebb4",Amanda Fowler
d64805ac,Cassandra Torres
"18e7baeb",Brian Bradford
ec4bebdf,Tricia Garcia
e5873f83,Rebecca Roberson
"5bf14829",Henry Harris
a3c5ffdb,Charles Allen
c502b1f4,Daniel Greer
a2388294,Paul Perez
e9415456,Christopher Benitez
"416cd82a",Kathleen Lucas
f9c2b37f,John Phillips
"3207b0f3",Kevin Arroyo
"425be648",Angela Roberson
"4ba45839",Heather Ferguson
"80968676",Dr. Ryan Wright
"3b0faafa",Victoria Terrell
c052cca8,Noah Jones
b08f3b44,Erin King
aa0533fd,Sandra Myers
"863114b5",Gregory Moore
"4b14013f",Patricia Williamson
b30877a4,Melissa Wilkinson
"355d89d9",Reginald Smith
"8fe1e8f7",Paula Garcia
"53352c2c",Dana Wolfe
"019bbbbd",David Nguyen
d45ce04e,Jordan Mccullough
"7755a749",Shannon Baker
"0f708081",Monica Bender
ce69d742,Jeffrey Cannon
"913a8985",Jason Rodriguez
cc6e430a,Alec Ayala
"5f2b73d5",Matthew Harper
e7e3f8e8,Michelle Tran
"7902cccb",Kimberly Coleman
b81636bb,Heather Mason
b66b0e13,Samantha Coleman
b65fff66,Madeline Smith
"05e61dfb",Nancy Jackson
"31006b42",Susan Odom
"8f06b288",Megan Baker
d18e4429,Adam Roberts
"83864095",Sarah Robertson
"45ed3c5a",James Calderon
"68f7b3c8",Jerry Kelly
"5a62f2b9",Norman Martin
"89c8f0cc",Douglas Brown
"8e5c2f29",Brendan Rodriguez
fd9f1577,Emily Dunlap
f459a5e8,Kristen Jacobs
"9813cce1",Jill Reynolds
"4d9a6ab4",Wyatt Carter
d6914b8f,Robert Allen
c9750567,Steven Huang
"4232e434",Steven Carter
"06a161e4",Laura Taylor
bf060a41,Malik Cain
"270b35bf",Amanda Bates
"0488eb84",Cynthia Thomas
"28c1b6d1",Brian Estrada
e52a8700,Jean Hansen
ba2bf5e1,Shawna Knox
"2f771a5a",Ryan Rose
c108b321,Courtney Dunlap
"49c4bc11",Tony Murphy
"1bc088f8",John Barton
"495a6541",Jermaine Young
"5b070f80",Trevor Pierce
"23fd6560",Samantha Holmes
bf03895d,Valerie Russo
"3eb1c53f",Edward Young
e6173937,Patricia Patterson MD
b43d4e7f,Duane Martin
cbd53684,Robert Marsh
"314d5517",Jennifer Davis
cd8175bc,Stanley James
"93c6c6a9",Jacqueline Lewis
a46b9550,Michelle Velez
"466ab61a",Alexis Gutierrez
f4c0d073,Melanie Riggs
d10408ec,Kristin Payne
"7767d63a",Cynthia Martinez
e69b7e32,Benjamin Williams
"19d5ac88",Scott Young
e215d555,Audrey Marshall
"3cbc7f74",Amanda Young
"6d883826",Patrick White
"43df30db",Ellen Henderson
"943fb486",Adam Barrett
"8dcd5fa7",Nicholas Jones
"139f4019",Zachary Turner
"529867fe",Michael Rodriguez
"8e312b31",David Schroeder
a4bf9059,Jody Foster
c5ee9489,Audrey Campbell
"5960ff74",Miguel Evans
e100dd4b,Ricky Lawson
d33f758e,Nicholas Meyer
"97bbee89",Paul Grant
"80617fda",Johnny Ward
"4d97e8a1",Daniel Wells
"9668fd00",Cory Hansen
b745eacd,Elizabeth Cole
"1bcdbd0d",Misty Robinson
"1c3dc001",Charles Edwards
afa83ff8,Terry Welch
"61004774",Heidi Smith
"63b14504",Victoria Villarreal
"816f5acb",Jim Moon
"30380af9",Kimberly Evans
"5bc10fee",Annette Turner
"922d63c5",Evan Williams
"265cf9a7",Mr. Jonathan Taylor
"12c154ff",Andrew Foster
"89b94667",David Alvarez
"51d5c171",Brian Lopez
"748db0ca",Jeremiah Sandoval
cc6587b9,Francisco Meyer
"12d19891",Michelle Conner
"303bc5db",Timothy Ferguson
"485b6c22",Christopher Mitchell
"3e5dc535",Lindsay Noble
"21e6a119",Jeffrey Brandt
"7e2a9b35",Brandy Dean
a59ab98c,Mrs. Denise Allen
ef097aa6,Richard Jones
"1d94038e",Mary Mills
"4da311cb",Lucas Fields
"1922f6f3",Theresa Pennington
"87fc5559",Michelle Mendoza
"3ad60b3b",Kimberly Butler
d63f06df,Patricia Webb
b0fb926f,Mindy Wagner
f639b5da,Kimberly Jones
"1acd402c",David Garza
d6ca14b1,Robin Reed
"0313557a",Faith Duncan
"14dec3ce",Katie Keller
c630fcf6,Ryan Wallace
d1c356c7,Gregory Glenn
"993cbf30",Andrea Jackson
"1b25718d",Nathan Cox
d3adc9f1,Diana Robinson
"4955904c",Wendy Tapia
d4d6e685,Mrs. Stephanie Riley
"1a1fa253",Corey Francis
"1380e029",Kelly Kelly
b169789c,Stacy Ferguson
f4835f98,Jose Cook
d4d6c47d,Mr. Christopher Price
c712217e,Donna Crawford
"73d9c423",Tiffany Logan
af3dbfea,Leah Miller
"41c59ae8",Melissa Pearson
"08ed887d",Lisa Brown
"6e4bc86a",Jennifer Manning
"3c4b0324",Roger Campbell
"58e0c4db",Natasha Thompson
d7615aca,Susan Humphrey
"65dbcba7",Kyle Saunders
e60ba363,James Graham
e83c866a,Jessica Duke
"090fb913",Devin Cabrera
"22dc524c",Nicholas Mason
"103fcba9",Christine Morrison
a0a83e46,Patrick Holloway
f8b1caa2,Tony Lewis
"3a1577eb",Brandy Joseph
c8544096,Dwayne Gilbert
"2e2960d6",Steven Hall
cf5dd5d1,Casey Miller
acb70464,Kimberly Johnson
"96aa3e1c",Sarah Smith
"5b6d3273",Victoria Parker
"94638355",Glenn Galvan
bb9bad76,Katherine Spencer
"54c7fff7",Alejandro Adams
b3f95dcd,Michael Porter
"2347081e",Henry Strickland
"6da78127",Anthony Dunn
"787f43ea",Justin Miller
dcddb844,Vanessa Jones
"6deb3adf",Brenda Daniel
"44df0dc9",Chelsea Schultz
c2457423,Douglas Vasquez
b7428f06,Shari Mills
"6f2f044e",Emily Liu
"0c621caa",Michelle Barton
"3cec8c73",Sean Barnes
"866ec748",Carol Vasquez
"3dc87d1c",Traci Hicks
a31129ac,Larry Roberts
"122af8ba",Kyle Hart
"859fee02",Aaron Smith
"0c7084bc",Dustin Andrade
"284f711a",Christopher Cain
d50199e3,Dominique Reed
"1ed31084",Sherri Hernandez
"8e91d584",Matthew Zuniga
"19296d35",Richard Lawrence
"073c6c4c",David Perry
"8416975a",Brandon Espinoza
c37c5233,Karen Oliver
"6939d1d2",Theresa Williams
"4feef355",Kathleen Hudson
b60e68c2,John Dunn
e58c63e7,Brandy Harrington
aac35f19,Fred Gibson
"58ebbf6d",William Rodriguez
a30edde1,Pamela Rosales
"57476af2",Shannon Yoder
eefcf9f0,Cheryl Jenkins
"388a03fa",Gregory Good
f772193d,Kimberly Cherry
"33f27548",Diana Rogers
"631f0e93",Sarah Porter
bbffd265,Pamela Davis
a3f993fd,Hannah Davis
"3d0fd916",Lisa Mason
"66975479",Michelle Olson
a4c57aeb,Karla Vang
"26ce484a",Margaret Roberts
f6489f0b,Robert Cortez
"1a1e8918",Brandon Lopez
"01a03f19",Stephanie Watkins
c401aa52,Vanessa Serrano
cf2dbf35,Karen Reynolds
"8699b9d8",Shawn Rogers
ed46daf6,Seth Atkinson
"298ca377",Benjamin Adkins
"333d41f0",Kristina Snow
"0d78df79",John Fischer
"26ef1453",Matthew Williams
"62b38185",Scott Ray
"701ab460",Natasha Carter
"6a9699dc",Rhonda Ward
"3218db6b",James Brennan
cf1ff13a,David Edwards
"0ea8c796",Jill Johnson
"6a7675ef",Erika Mccarthy
"4126c950",Pamela Harris
"8e5821f5",Dillon Jennings
d7290d30,Alexandra Cain
"3eaef1e6",Omar Reeves
"187d49e0",Brett Allen
"36654075",Blake Matthews
"7160f724",Brian Velasquez
"1f2b91fc",Jason Garrison
"63af441d",James Robertson
eb16c915,Edward Carrillo
"9e22e2d2",Tracie Martinez
"05f69a50",Matthew Carrillo
"31d39d83",Paul Barnes
a2ae6f2d,Scott Jackson
"672a02fc",Michelle Barnett
c9d0d7ff,Mark Smith
caa8f40a,Ryan Mclaughlin
a2053515,Richard Hayes
"85e030d5",Sharon Smith
e4adb740,Samuel Stout
"8678daa5",Miguel Palmer
"4fc0f100",James Grant
"6a49a618",Michelle Wiggins
d77ac8a9,Ashley Porter
"27e89b40",Kathy Thomas
fc41d86f,Michelle Roberts
d0299f60,Rachel Graham
"3b5801eb",Michelle Herring
"63b6d2f8",John Gilbert
d47fa6a3,Gary Kirk
aeea9d66,Michael Gallegos
a3d91be1,Megan Forbes
"8020c8de",Sandra Duncan
f3abecde,Carrie Wilson
"35292459",Michael Ball
b998f134,Brian Church
dccd3e5d,Jimmy Bridges
"0abcb3b4",Brandy Mcdonald
"2ef2eede",Mary Vargas
"1c4373e3",Sara Potter
b761dca2,Beverly Parker
"98c7adf1",Timothy Navarro
"6bb94756",John Blackburn
efb0203d,Carl Dorsey
"6fcd3399",Matthew Walker
"7e7c62c1",Christopher Brown
bf32ccad,Kenneth Lynch
"5b4df518",Kim Porter DDS
"212484cd",Duane Myers
"1439dc05",Shane Barber
"91c5349a",Deborah Peck
e6debecd,Robert Mitchell
c11308cb,Jacqueline Cuevas
"7c0459a0",Calvin Strong
"43086963",Amber Franklin
d78e6e3f,Steven Hansen
"2f76575f",Renee Clark
fd12529b,Karen Howell
"6aff094b",Roy Torres
fe21b6ad,Tiffany Scott
"77475cfc",Steven Wood
"2f0fa97b",Christopher James
ce8210c0,Victoria Russo
"2661b9e7",Mark Brown MD
d85d8387,Todd Bautista
"8834bd0d",Jessica Wade
"8639eac0",Kelli Williams
"4d481210",James Cook
"8f34cf8e",Jerry Wilkins
"6f1db361",John Simmons II
"582e9081",Laura Jones
"5f22d013",Jack Huynh
c958448f,Natasha Johnston
"9400a9f1",Michael Khan
"1b221ed8",Cheryl Patel
"49421d99",George Sanchez
f962820d,Jonathan Lewis
f714d574,Claudia Jones
cc1fc998,Ronald Tran
f55982fc,Dr. Chad Chavez
"254a6b6d",Deborah Jackson
c664111b,Brittany Morales
"49a68f77",Patricia Smith
"6d83b2dd",Danielle Lewis
"1740f65f",Stephanie Navarro
"6f80c5c6",Dana Ballard
"779b7f09",Clayton Brown
"9a689679",Bryan Bell
a768163c,William Wallace II
ed79e1d1,Matthew Roberts
"758d0e66",Barry Mann
"1757e1cd",Kelly Pearson
"40c889c0",Steven Escobar
b8cf5c4c,Miranda Myers
"7bb37398",Diana Taylor
"670a79a3",Jason Richards
c0a8be37,Sarah Hatfield
"5c3c91f4",John Washington
"7ea9b687",Hannah Ross
"6d622f69",David Donaldson
"7e394ed8",Caroline Lucas
"95381466",Barry Maxwell
"3bcd90d3",Lauren Love
"6afcdfd4",Tracey Larson
"07837268",Billy Burton
"84a120aa",Brendan Rodriguez
"17e24a9b",Emily Perry
cc9cb0b1,Kathryn King
"7d4b9dcb",Michael Morris
"6fb41f2c",Brandon Small
"33ab4667",Jill Smith
a2effce6,Kevin Mcguire
f3c5c37f,Cynthia Frazier
"249c5605",Matthew Bryan
"87a00a98",Tracey Giles
aef5051b,Anthony Silva
"21c61b96",Jay Cunningham
aa006c1b,Mary Owens
bbe44e0a,Renee Price
cd67e795,Kathleen Flores
"2444fa55",Kelly Holmes
adc6b3eb,Ashley Jenkins
c3f68ead,Dana Williams
"2fac4408",Brandon Alvarado
"5a056723",Lawrence Ochoa
"6f595044",Teresa Moreno
"8d5fa184",Sarah Edwards
"3785fc7c",Jennifer Porter
"436ca6dd",Caitlin Vasquez
"64e25b29",Sergio Johnson
"4a0fcf58",Kathy Nichols MD
e94d8a6e,Mary Jordan
"8c5628d0",Stephanie Reyes
"7eaca096",Samuel Thomas
e648e7c1,James Jones
ed5f2f3e,Jason Jones DDS
cd709ef0,Christine Miller
"72ad36e6",Jessica Cole
b8edba64,Hannah Anderson MD
"7b4010bf",Amanda Chapman
"446153de",Manuel Hess
"5a2b4f14",Colin Campos
"10687c1c",Amber Reed
"03710ca1",Miguel Ruiz
"153f6ea8",Timothy Long
"6cb96ee5",Danielle Anthony
"67d2941c",Nathan Howard
afdabd06,Eric Porter
"0bc37503",Mr. Alfred Reynolds
b43ea9dd,Shawn Burnett
f9f4d7f7,Christopher Cannon
"07571aa5",Dylan Dickerson
"71f1cea1",Kelsey Walker
"6ffc9798",John Mcgee
"1991aaf6",Karen Pugh
"86fb0f27",Erin Garcia
"2e1fd151",Ellen Jordan
"8f4f1f50",Teresa Ortiz
"37601558",Michael Flores
f03fb49f,Jill Mcknight
f14bcc19,Stephen Solis
bd081d89,Katherine Griffin
"27133460",Andrew Rosario
ab13dd68,Kathryn Cox
bd72d373,Ronald Jones
b4624db2,Jennifer Atkinson
"8cf43099",Dennis Johnson
"625c6012",Nicole Russell
"0e105436",Carrie Johnson
"32927010",Alicia Holder
"0b7ba743",Christina Johnson
fa5ae382,Jeffrey Boyd
"62e44a82",Ashley Anderson
"758b4602",David Hammond
"920c0197",Lisa Lee
"4675a031",Jason Parker
a5066e8e,Meagan Robinson
"99908d5f",Kenneth Wilcox
c404f9e5,Brian Smith
"902c8ddc",Courtney Lee
"376d586e",Margaret Lopez
"89a5d615",Kathleen Sawyer
"8f9052f4",Kerri Wilson
"359c05d0",Lauren Jackson
fa7960f6,Danielle Griffin
"11498734",Courtney Evans
"33d208d7",Maria Cabrera
"848bb1e9",Tyler Evans
"45233069",Misty Townsend
"5b16d3ac",Brian Ford
"5dbe3a93",Dr. Erin Turner
f0496969,Ashley Lam
"70a0c69e",Stephanie Nelson
b6b6f9ac,James Mitchell
"0855291e",Rhonda Watkins
"50fb8eb8",Sharon Johnson
"661d2fc6",Paul Black
bcff2252,Elizabeth Lewis
"4ba2a669",Peggy Martinez
f1c1c41c,Adam Murray
"0ed041f5",Paige Gonzales
"01450c81",Alex Rosales
"5948da4d",Ashley Meyer
"67f25b4e",Stephanie Price
"46d34d7f",Walter Allen
"7bb8fda6",Derrick Brown
"3934f6b2",John Wilson
"547f74d3",Tony Garrett
b06bdac7,Joshua Proctor
b51ad0d8,Angela Clark
"543b48b5",Luis White
b66095e0,Cheyenne Briggs
"8386c889",Alicia Webster
"07365e1d",Madison Austin
"33326773",Chase Rogers
"2a6409ee",Michael Macdonald
"8976b896",Carrie Mueller
"41b09fe3",Jeremy Stokes
"69819ace",Matthew Henderson
"19a91b0b",William Ayala
d6ca3f18,Ryan Nash
"78e4ffca",Marvin Kramer
"628b0262",John Richardson
a43342bc,Maria Macdonald
"296a6b8f",Brittany Wells
"7c45f68c",Diane Hunter
be999c23,Amanda Harper
"8c39c27b",Robert Carter
"430e5411",Judith Swanson
b9915f58,Patrick Walls
"4559b465",Bruce Henderson
"239409e0",Cole Kelly
"45514547",Jennifer Erickson
ce5679e9,Jeffrey Foster
"02c02023",Anthony Simmons
"300faed1",Sheena Lewis
aeb1bb4a,Sean Carter
"20ae953d",Christopher Ellis
"4ed3232e",Janet Jefferson
"8252af4b",Joseph Wilson
"254292b3",Michael Harris
"4423c47b",Sandra Gordon
a4512e27,Heather Henderson
"36708614",Sue Bailey
f419edd5,Alicia Norris
"4041ba09",Jennifer Sanders
d2d5925b,Jeremiah Smith
a054cb90,Bryan Thomas
"84f7f075",David Lewis
"0f1df561",Grant Poole
"5b817ccb",Lawrence Mclaughlin
c710ee81,Paula Mcdonald
"7fcd9f31",Christopher Townsend
d84ec4ed,Ryan Martinez
"41ca48ad",Danielle Gonzalez
"5e3636fd",Victoria Wood
b5261e71,Gregory Wyatt
"50e6ae18",Jody Hale
adaf0597,Nicole Hall
a692df88,David Thornton
"76d2b7be",Christopher Smith
fad2c57b,Ryan Jones
"5484b02b",Gerald Castillo
c1d42cf2,George Garcia
e9f40ffc,Mackenzie Torres
"7863e37d",Amy Roberts
a9976a20,Benjamin Thomas
d51ebab3,Christina Patterson
e7f5d853,Kristi Washington
"8e6a03da",Rachel Sutton
"2e0d6ce4",Mary Martin
"0e4dbbf0",Joel Young
"7aa35447",Kelli Nash
fa6de1f2,Kyle Carroll
e860f5d5,Cheryl Robinson
ce5ac3ba,Linda Thompson
"0edeaba5",Martin Henderson
"4c710db6",Jonathan Bright
a48b7707,Katherine Martinez
"2b4b540f",Wanda Osborne
"03410ea3",Mr. Nathan Petersen
f11283f0,Kevin Farmer
a3867ed0,Brandy Dennis
"1a1397df",William Hodge
"447fed8a",Karen Patterson
"28f88fb0",Robert Kim
"1c8233dc",Charles Carpenter
"2dcc7662",David Gomez
c912d33f,Julia Sanders
bb35efe0,Michael Thomas
da9de603,Kathy Thompson
"5a95b7ee",Teresa Williams
a1a72036,Sydney Eaton
"2949aa7a",Lawrence Brown
f7d61334,Michael Harper
"7e26cac1",Richard Burns
"4740d6a5",Tina Grant
"34b17474",Rebecca Warren
"0815e683",Steven Robinson
"64ad7907",David Grant
"6b991ab8",Gabriella Choi
"69f9f173",Brian Mcdonald
b2310c7d,Michelle Herring
"05d8d4ba",Joseph Sanchez
"7c66bbce",Margaret Houston
"42748981",Martha Johnson
"2a082be2",Natalie Wilson
"066ca82d",Traci Patel
e7297926,Richard Stone
"2f162c0f",Lee Hill
d7af9974,Thomas Burnett
a296a891,Gina Green
"7c2a3f62",Kevin Evans
c0ec2b5c,Edwin Marquez
"8e119f8a",Jeffrey White
"834105ff",Brett Santiago
"120d57b9",Mary Nicholson
"26ebc43f",Thomas Horne
"2d4e6ed6",Derek Hunter
"73b79064",Douglas Burgess
"4dba6ec7",Wyatt Hickman
abf52e51,Eddie Brown
eccb6e23,Jeffrey Lopez
"3d6f18db",David Thompson
df8c3dd7,Samantha Humphrey
e8014144,Michael Flores
"82205f5f",Shaun Berry
"51e5a1ad",Brittney Baird
d0c20886,Chad Garcia
"8f054a96",Don Valencia
e4d6980c,Kimberly Schneider
"9f72b282",Christina Hall
"4c11a926",Jaime Hester
"099dd9b8",Krista Young
